{
  "description": "Minimal two-risk scenario for K-of-N fault tree verification.",
  "risks": [
    {
      "domain": "PowerGrid",
      "failure_class": "CMF",
      "id": "R_GRID",
      "likelihood": 0.4582512376182877,
      "risk": "Regional 500 kV corridor loss",
      "severity": 5.0734335171150775,
      "twin_info": {
        "base_likelihood": 0.4,
        "base_severity": 5.0,
        "scale_applied": 1.145628094045719,
        "shift_applied": 0.0734335171150775
      }
    },
    {
      "domain": "Gas",
      "failure_class": "SPF",
      "id": "R_GAS",
      "likelihood": 0.49578610128369943,
      "risk": "Compressor backbone trip",
      "severity": 3.3512198320647895,
      "twin_info": {
        "base_likelihood": 0.45,
        "base_severity": 4.0,
        "scale_applied": 1.1017468917415543,
        "shift_applied": -0.6487801679352105
      }
    }
  ],
  "scenario_name": "Titan K-of-N Test Scenario - TwinRun_16"
}