{
  "description": "Minimal two-risk scenario for K-of-N fault tree verification.",
  "risks": [
    {
      "domain": "PowerGrid",
      "failure_class": "CMF",
      "id": "R_GRID",
      "likelihood": 0.680970885004708,
      "risk": "Regional 500 kV corridor loss",
      "severity": 6.293861501946949,
      "twin_info": {
        "base_likelihood": 0.4,
        "base_severity": 5.0,
        "mode": "pessimistic",
        "scale_applied": 1.7024272125117699,
        "shift_applied": 1.2938615019469484
      }
    },
    {
      "domain": "Gas",
      "failure_class": "SPF",
      "id": "R_GAS",
      "likelihood": 0.7038497034253359,
      "risk": "Compressor backbone trip",
      "severity": 4.926084587068327,
      "twin_info": {
        "base_likelihood": 0.45,
        "base_severity": 4.0,
        "mode": "pessimistic",
        "scale_applied": 1.564110452056302,
        "shift_applied": 0.9260845870683267
      }
    }
  ],
  "scenario_name": "Titan K-of-N Test Scenario - TwinRun_10 (pessimistic)"
}