{
  "description": "Minimal two-risk scenario for K-of-N fault tree verification.",
  "risks": [
    {
      "domain": "PowerGrid",
      "failure_class": "CMF",
      "id": "R_GRID",
      "likelihood": 0.5527343525391024,
      "risk": "Regional 500 kV corridor loss",
      "severity": 4.999622906903624,
      "twin_info": {
        "base_likelihood": 0.4,
        "base_severity": 5.0,
        "scale_applied": 1.381835881347756,
        "shift_applied": -0.0003770930963764574
      }
    },
    {
      "domain": "Gas",
      "failure_class": "SPF",
      "id": "R_GAS",
      "likelihood": 0.3775504175939996,
      "risk": "Compressor backbone trip",
      "severity": 3.509382101279277,
      "twin_info": {
        "base_likelihood": 0.45,
        "base_severity": 4.0,
        "scale_applied": 0.8390009279866658,
        "shift_applied": -0.49061789872072326
      }
    }
  ],
  "scenario_name": "Titan K-of-N Test Scenario - TwinRun_1"
}