{
  "description": "Minimal two-risk scenario for K-of-N fault tree verification.",
  "risks": [
    {
      "domain": "PowerGrid",
      "failure_class": "CMF",
      "id": "R_GRID",
      "likelihood": 0.4893588384421621,
      "risk": "Regional 500 kV corridor loss",
      "severity": 5.226372814117732,
      "twin_info": {
        "base_likelihood": 0.4,
        "base_severity": 5.0,
        "mode": "pessimistic",
        "scale_applied": 1.2233970961054053,
        "shift_applied": 0.22637281411773214
      }
    },
    {
      "domain": "Gas",
      "failure_class": "SPF",
      "id": "R_GAS",
      "likelihood": 0.704966843975264,
      "risk": "Compressor backbone trip",
      "severity": 5.8855794753165664,
      "twin_info": {
        "base_likelihood": 0.45,
        "base_severity": 4.0,
        "mode": "pessimistic",
        "scale_applied": 1.5665929866116977,
        "shift_applied": 1.8855794753165667
      }
    }
  ],
  "scenario_name": "Titan K-of-N Test Scenario - TwinRun_12 (pessimistic)"
}