{
  "description": "Minimal two-risk scenario for K-of-N fault tree verification.",
  "risks": [
    {
      "domain": "PowerGrid",
      "failure_class": "CMF",
      "id": "R_GRID",
      "likelihood": 0.5648347799690875,
      "risk": "Regional 500 kV corridor loss",
      "severity": 4.536448453091723,
      "twin_info": {
        "base_likelihood": 0.4,
        "base_severity": 5.0,
        "scale_applied": 1.4120869499227187,
        "shift_applied": -0.46355154690827693
      }
    },
    {
      "domain": "Gas",
      "failure_class": "SPF",
      "id": "R_GAS",
      "likelihood": 0.28031494706304755,
      "risk": "Compressor backbone trip",
      "severity": 3.4590490134916063,
      "twin_info": {
        "base_likelihood": 0.45,
        "base_severity": 4.0,
        "scale_applied": 0.6229221045845501,
        "shift_applied": -0.5409509865083939
      }
    }
  ],
  "scenario_name": "Titan K-of-N Test Scenario - TwinRun_11"
}