{
  "description": "Minimal two-risk scenario for K-of-N fault tree verification.",
  "risks": [
    {
      "domain": "PowerGrid",
      "failure_class": "CMF",
      "id": "R_GRID",
      "likelihood": 0.3297703582474822,
      "risk": "Regional 500 kV corridor loss",
      "severity": 4.042023789767519,
      "twin_info": {
        "base_likelihood": 0.4,
        "base_severity": 5.0,
        "scale_applied": 0.8244258956187054,
        "shift_applied": -0.9579762102324811
      }
    },
    {
      "domain": "Gas",
      "failure_class": "SPF",
      "id": "R_GAS",
      "likelihood": 0.5635410719423943,
      "risk": "Compressor backbone trip",
      "severity": 4.453085156558317,
      "twin_info": {
        "base_likelihood": 0.45,
        "base_severity": 4.0,
        "scale_applied": 1.2523134932053208,
        "shift_applied": 0.4530851565583174
      }
    }
  ],
  "scenario_name": "Titan K-of-N Test Scenario - TwinRun_2"
}