{
  "description": "Minimal two-risk scenario for K-of-N fault tree verification.",
  "risks": [
    {
      "domain": "PowerGrid",
      "failure_class": "CMF",
      "id": "R_GRID",
      "likelihood": 0.332019400186096,
      "risk": "Regional 500 kV corridor loss",
      "severity": 4.821076269796883,
      "twin_info": {
        "base_likelihood": 0.4,
        "base_severity": 5.0,
        "scale_applied": 0.8300485004652399,
        "shift_applied": -0.17892373020311703
      }
    },
    {
      "domain": "Gas",
      "failure_class": "SPF",
      "id": "R_GAS",
      "likelihood": 0.38954911942244363,
      "risk": "Compressor backbone trip",
      "severity": 3.4000533388254315,
      "twin_info": {
        "base_likelihood": 0.45,
        "base_severity": 4.0,
        "scale_applied": 0.8656647098276525,
        "shift_applied": -0.5999466611745683
      }
    }
  ],
  "scenario_name": "Titan K-of-N Test Scenario - TwinRun_9"
}