{
  "description": "Minimal two-risk scenario for K-of-N fault tree verification.",
  "risks": [
    {
      "domain": "PowerGrid",
      "failure_class": "CMF",
      "id": "R_GRID",
      "likelihood": 0.2,
      "risk": "Regional 500 kV corridor loss",
      "severity": 5.0
    },
    {
      "domain": "Gas",
      "failure_class": "SPF",
      "id": "R_GAS",
      "likelihood": 0.45,
      "risk": "Compressor backbone trip",
      "severity": 4.0
    }
  ],
  "scenario_name": "Titan K-of-N Test Scenario"
}