{
  "description": "Minimal two-risk scenario for K-of-N fault tree verification.",
  "risks": [
    {
      "domain": "PowerGrid",
      "failure_class": "CMF",
      "id": "R_GRID",
      "likelihood": 0.31169854805270264,
      "risk": "Regional 500 kV corridor loss",
      "severity": 4.226372814117732,
      "twin_info": {
        "base_likelihood": 0.4,
        "base_severity": 5.0,
        "scale_applied": 0.7792463701317566,
        "shift_applied": -0.7736271858822679
      }
    },
    {
      "domain": "Gas",
      "failure_class": "SPF",
      "id": "R_GAS",
      "likelihood": 0.5437085549690799,
      "risk": "Compressor backbone trip",
      "severity": 4.8855794753165664,
      "twin_info": {
        "base_likelihood": 0.45,
        "base_severity": 4.0,
        "scale_applied": 1.208241233264622,
        "shift_applied": 0.8855794753165667
      }
    }
  ],
  "scenario_name": "Titan K-of-N Test Scenario - TwinRun_12"
}