{
  "description": "Minimal two-risk scenario for K-of-N fault tree verification.",
  "risks": [
    {
      "domain": "PowerGrid",
      "failure_class": "CMF",
      "id": "R_GRID",
      "likelihood": 0.6034047473556848,
      "risk": "Regional 500 kV corridor loss",
      "severity": 6.397177124518347,
      "twin_info": {
        "base_likelihood": 0.4,
        "base_severity": 5.0,
        "mode": "pessimistic",
        "scale_applied": 1.508511868389212,
        "shift_applied": 1.3971771245183464
      }
    },
    {
      "domain": "Gas",
      "failure_class": "SPF",
      "id": "R_GAS",
      "likelihood": 0.7012939369078774,
      "risk": "Compressor backbone trip",
      "severity": 5.093922700898007,
      "twin_info": {
        "base_likelihood": 0.45,
        "base_severity": 4.0,
        "mode": "pessimistic",
        "scale_applied": 1.5584309709063944,
        "shift_applied": 1.0939227008980075
      }
    }
  ],
  "scenario_name": "Titan K-of-N Test Scenario - TwinRun_13 (pessimistic)"
}