{
  "description": "Minimal two-risk scenario for K-of-N fault tree verification.",
  "risks": [
    {
      "domain": "PowerGrid",
      "failure_class": "CMF",
      "id": "R_GRID",
      "likelihood": 0.44125210921104163,
      "risk": "Regional 500 kV corridor loss",
      "severity": 4.361280555451468,
      "twin_info": {
        "base_likelihood": 0.4,
        "base_severity": 5.0,
        "scale_applied": 1.103130273027604,
        "shift_applied": -0.6387194445485325
      }
    },
    {
      "domain": "Gas",
      "failure_class": "SPF",
      "id": "R_GAS",
      "likelihood": 0.6596230229865881,
      "risk": "Compressor backbone trip",
      "severity": 4.886785956212015,
      "twin_info": {
        "base_likelihood": 0.45,
        "base_severity": 4.0,
        "scale_applied": 1.4658289399701958,
        "shift_applied": 0.8867859562120148
      }
    }
  ],
  "scenario_name": "Titan K-of-N Test Scenario - TwinRun_4"
}