{
  "description": "Minimal two-risk scenario for K-of-N fault tree verification.",
  "risks": [
    {
      "domain": "PowerGrid",
      "failure_class": "CMF",
      "id": "R_GRID",
      "likelihood": 0.44944539423416147,
      "risk": "Regional 500 kV corridor loss",
      "severity": 4.376332561597155,
      "twin_info": {
        "base_likelihood": 0.4,
        "base_severity": 5.0,
        "mode": "chaotic",
        "scale_applied": 1.1236134855854036,
        "shift_applied": -0.6236674384028449
      }
    },
    {
      "domain": "Gas",
      "failure_class": "SPF",
      "id": "R_GAS",
      "likelihood": 0.6390320009818187,
      "risk": "Compressor backbone trip",
      "severity": 3.095037856524706,
      "twin_info": {
        "base_likelihood": 0.45,
        "base_severity": 4.0,
        "mode": "chaotic",
        "scale_applied": 1.4200711132929302,
        "shift_applied": -0.9049621434752939
      }
    }
  ],
  "scenario_name": "Titan K-of-N Test Scenario - TwinRun_6 (chaotic)"
}