{
  "description": "Minimal two-risk scenario for K-of-N fault tree verification.",
  "risks": [
    {
      "domain": "PowerGrid",
      "failure_class": "CMF",
      "id": "R_GRID",
      "likelihood": 0.649204576716368,
      "risk": "Regional 500 kV corridor loss",
      "severity": 6.583400135239048,
      "twin_info": {
        "base_likelihood": 0.4,
        "base_severity": 5.0,
        "mode": "pessimistic",
        "scale_applied": 1.6230114417909198,
        "shift_applied": 1.5834001352390479
      }
    },
    {
      "domain": "Gas",
      "failure_class": "SPF",
      "id": "R_GAS",
      "likelihood": 0.5748818511515622,
      "risk": "Compressor backbone trip",
      "severity": 5.327852411004143,
      "twin_info": {
        "base_likelihood": 0.45,
        "base_severity": 4.0,
        "mode": "pessimistic",
        "scale_applied": 1.2775152247812493,
        "shift_applied": 1.3278524110041423
      }
    }
  ],
  "scenario_name": "Titan K-of-N Test Scenario - TwinRun_18 (pessimistic)"
}