{
  "description": "Minimal two-risk scenario for K-of-N fault tree verification.",
  "risks": [
    {
      "domain": "PowerGrid",
      "failure_class": "CMF",
      "id": "R_GRID",
      "likelihood": 0.4542559341946061,
      "risk": "Regional 500 kV corridor loss",
      "severity": 5.397177124518347,
      "twin_info": {
        "base_likelihood": 0.4,
        "base_severity": 5.0,
        "scale_applied": 1.1356398354865151,
        "shift_applied": 0.3971771245183464
      }
    },
    {
      "domain": "Gas",
      "failure_class": "SPF",
      "id": "R_GAS",
      "likelihood": 0.539117421134847,
      "risk": "Compressor backbone trip",
      "severity": 4.093922700898007,
      "twin_info": {
        "base_likelihood": 0.45,
        "base_severity": 4.0,
        "scale_applied": 1.198038713632993,
        "shift_applied": 0.09392270089800747
      }
    }
  ],
  "scenario_name": "Titan K-of-N Test Scenario - TwinRun_13"
}