{
  "description": "Minimal two-risk scenario for K-of-N fault tree verification.",
  "risks": [
    {
      "domain": "PowerGrid",
      "failure_class": "CMF",
      "id": "R_GRID",
      "likelihood": 0.19786221494848932,
      "risk": "Regional 500 kV corridor loss",
      "severity": 3.042023789767519,
      "twin_info": {
        "base_likelihood": 0.4,
        "base_severity": 5.0,
        "mode": "optimistic",
        "scale_applied": 0.49465553737122325,
        "shift_applied": -1.9579762102324811
      }
    },
    {
      "domain": "Gas",
      "failure_class": "SPF",
      "id": "R_GAS",
      "likelihood": 0.33812464316543667,
      "risk": "Compressor backbone trip",
      "severity": 3.453085156558317,
      "twin_info": {
        "base_likelihood": 0.45,
        "base_severity": 4.0,
        "mode": "optimistic",
        "scale_applied": 0.7513880959231926,
        "shift_applied": -0.5469148434416826
      }
    }
  ],
  "scenario_name": "Titan K-of-N Test Scenario - TwinRun_2 (optimistic)"
}