{
  "description": "Minimal two-risk scenario for K-of-N fault tree verification.",
  "risks": [
    {
      "domain": "PowerGrid",
      "failure_class": "CMF",
      "id": "R_GRID",
      "likelihood": 0.4665644067982953,
      "risk": "Regional 500 kV corridor loss",
      "severity": 5.731788238535169,
      "twin_info": {
        "base_likelihood": 0.4,
        "base_severity": 5.0,
        "mode": "chaotic",
        "scale_applied": 1.1664110169957382,
        "shift_applied": 0.7317882385351695
      }
    },
    {
      "domain": "Gas",
      "failure_class": "SPF",
      "id": "R_GAS",
      "likelihood": 0.5729251686973876,
      "risk": "Compressor backbone trip",
      "severity": 4.63864762982151,
      "twin_info": {
        "base_likelihood": 0.45,
        "base_severity": 4.0,
        "mode": "chaotic",
        "scale_applied": 1.2731670415497502,
        "shift_applied": 0.63864762982151
      }
    }
  ],
  "scenario_name": "Titan K-of-N Test Scenario - TwinRun_7 (chaotic)"
}