{
  "description": "Minimal two-risk scenario for K-of-N fault tree verification.",
  "risks": [
    {
      "domain": "PowerGrid",
      "failure_class": "CMF",
      "id": "R_GRID",
      "likelihood": 0.16961687571269024,
      "risk": "Regional 500 kV corridor loss",
      "severity": 3.905335998936775,
      "twin_info": {
        "base_likelihood": 0.4,
        "base_severity": 5.0,
        "mode": "optimistic",
        "scale_applied": 0.42404218928172555,
        "shift_applied": -1.0946640010632247
      }
    },
    {
      "domain": "Gas",
      "failure_class": "SPF",
      "id": "R_GAS",
      "likelihood": 0.3686897698644623,
      "risk": "Compressor backbone trip",
      "severity": 3.452908638194489,
      "twin_info": {
        "base_likelihood": 0.45,
        "base_severity": 4.0,
        "mode": "optimistic",
        "scale_applied": 0.819310599698805,
        "shift_applied": -0.5470913618055109
      }
    }
  ],
  "scenario_name": "Titan K-of-N Test Scenario - TwinRun_17 (optimistic)"
}