{
  "description": "Minimal two-risk scenario for K-of-N fault tree verification.",
  "risks": [
    {
      "domain": "PowerGrid",
      "failure_class": "CMF",
      "id": "R_GRID",
      "likelihood": 0.28968470609320224,
      "risk": "Regional 500 kV corridor loss",
      "severity": 3.833701432622793,
      "twin_info": {
        "base_likelihood": 0.4,
        "base_severity": 5.0,
        "mode": "optimistic",
        "scale_applied": 0.7242117652330056,
        "shift_applied": -1.1662985673772068
      }
    },
    {
      "domain": "Gas",
      "failure_class": "SPF",
      "id": "R_GAS",
      "likelihood": 0.33793249160561295,
      "risk": "Compressor backbone trip",
      "severity": 2.213068412801717,
      "twin_info": {
        "base_likelihood": 0.45,
        "base_severity": 4.0,
        "mode": "optimistic",
        "scale_applied": 0.7509610924569177,
        "shift_applied": -1.7869315871982827
      }
    }
  ],
  "scenario_name": "Titan K-of-N Test Scenario - TwinRun_8 (optimistic)"
}