{
  "description": "Minimal two-risk scenario for K-of-N fault tree verification.",
  "risks": [
    {
      "domain": "PowerGrid",
      "failure_class": "CMF",
      "id": "R_GRID",
      "likelihood": 0.6132515254386363,
      "risk": "Regional 500 kV corridor loss",
      "severity": 6.731788238535169,
      "twin_info": {
        "base_likelihood": 0.4,
        "base_severity": 5.0,
        "mode": "pessimistic",
        "scale_applied": 1.5331288135965906,
        "shift_applied": 1.7317882385351695
      }
    },
    {
      "domain": "Gas",
      "failure_class": "SPF",
      "id": "R_GAS",
      "likelihood": 0.7283401349579101,
      "risk": "Compressor backbone trip",
      "severity": 5.63864762982151,
      "twin_info": {
        "base_likelihood": 0.45,
        "base_severity": 4.0,
        "mode": "pessimistic",
        "scale_applied": 1.6185336332398002,
        "shift_applied": 1.63864762982151
      }
    }
  ],
  "scenario_name": "Titan K-of-N Test Scenario - TwinRun_7 (pessimistic)"
}