{
  "description": "Minimal two-risk scenario for K-of-N fault tree verification.",
  "risks": [
    {
      "domain": "PowerGrid",
      "failure_class": "CMF",
      "id": "R_GRID",
      "likelihood": 0.48280784348867045,
      "risk": "Regional 500 kV corridor loss",
      "severity": 4.833701432622793,
      "twin_info": {
        "base_likelihood": 0.4,
        "base_severity": 5.0,
        "scale_applied": 1.207019608721676,
        "shift_applied": -0.16629856737720683
      }
    },
    {
      "domain": "Gas",
      "failure_class": "SPF",
      "id": "R_GAS",
      "likelihood": 0.5632208193426882,
      "risk": "Compressor backbone trip",
      "severity": 3.213068412801717,
      "twin_info": {
        "base_likelihood": 0.45,
        "base_severity": 4.0,
        "scale_applied": 1.2516018207615294,
        "shift_applied": -0.7869315871982827
      }
    }
  ],
  "scenario_name": "Titan K-of-N Test Scenario - TwinRun_8"
}