{
  "description": "Minimal two-risk scenario for K-of-N fault tree verification.",
  "risks": [
    {
      "domain": "PowerGrid",
      "failure_class": "CMF",
      "id": "R_GRID",
      "likelihood": 0.5930016873688333,
      "risk": "Regional 500 kV corridor loss",
      "severity": 5.361280555451468,
      "twin_info": {
        "base_likelihood": 0.4,
        "base_severity": 5.0,
        "mode": "pessimistic",
        "scale_applied": 1.4825042184220831,
        "shift_applied": 0.36128055545146753
      }
    },
    {
      "domain": "Gas",
      "failure_class": "SPF",
      "id": "R_GAS",
      "likelihood": 0.7976984183892705,
      "risk": "Compressor backbone trip",
      "severity": 5.886785956212015,
      "twin_info": {
        "base_likelihood": 0.45,
        "base_severity": 4.0,
        "mode": "pessimistic",
        "scale_applied": 1.7726631519761566,
        "shift_applied": 1.8867859562120148
      }
    }
  ],
  "scenario_name": "Titan K-of-N Test Scenario - TwinRun_4 (pessimistic)"
}