{
  "description": "Minimal two-risk scenario for K-of-N fault tree verification.",
  "risks": [
    {
      "domain": "PowerGrid",
      "failure_class": "CMF",
      "id": "R_GRID",
      "likelihood": 0.6198458076272616,
      "risk": "Regional 500 kV corridor loss",
      "severity": 6.322290472689243,
      "twin_info": {
        "base_likelihood": 0.4,
        "base_severity": 5.0,
        "mode": "pessimistic",
        "scale_applied": 1.5496145190681538,
        "shift_applied": 1.322290472689243
      }
    },
    {
      "domain": "Gas",
      "failure_class": "SPF",
      "id": "R_GAS",
      "likelihood": 0.5574574581895735,
      "risk": "Compressor backbone trip",
      "severity": 4.8749039874862365,
      "twin_info": {
        "base_likelihood": 0.45,
        "base_severity": 4.0,
        "mode": "pessimistic",
        "scale_applied": 1.2387943515323854,
        "shift_applied": 0.8749039874862365
      }
    }
  ],
  "scenario_name": "Titan K-of-N Test Scenario - TwinRun_15 (pessimistic)"
}