{
  "description": "Minimal two-risk scenario for K-of-N fault tree verification.",
  "risks": [
    {
      "domain": "PowerGrid",
      "failure_class": "CMF",
      "id": "R_GRID",
      "likelihood": 0.538054004626822,
      "risk": "Regional 500 kV corridor loss",
      "severity": 5.583400135239048,
      "twin_info": {
        "base_likelihood": 0.4,
        "base_severity": 5.0,
        "mode": "chaotic",
        "scale_applied": 1.3451350115670548,
        "shift_applied": 0.5834001352390479
      }
    },
    {
      "domain": "Gas",
      "failure_class": "SPF",
      "id": "R_GAS",
      "likelihood": 0.469271619757617,
      "risk": "Compressor backbone trip",
      "severity": 4.327852411004143,
      "twin_info": {
        "base_likelihood": 0.45,
        "base_severity": 4.0,
        "mode": "chaotic",
        "scale_applied": 1.0428258216835933,
        "shift_applied": 0.3278524110041423
      }
    }
  ],
  "scenario_name": "Titan K-of-N Test Scenario - TwinRun_18 (chaotic)"
}