{
  "description": "Minimal two-risk scenario for K-of-N fault tree verification.",
  "risks": [
    {
      "domain": "PowerGrid",
      "failure_class": "CMF",
      "id": "R_GRID",
      "likelihood": 0.6066009900946302,
      "risk": "Regional 500 kV corridor loss",
      "severity": 6.0734335171150775,
      "twin_info": {
        "base_likelihood": 0.4,
        "base_severity": 5.0,
        "mode": "pessimistic",
        "scale_applied": 1.5165024752365754,
        "shift_applied": 1.0734335171150775
      }
    },
    {
      "domain": "Gas",
      "failure_class": "SPF",
      "id": "R_GAS",
      "likelihood": 0.6666288810269596,
      "risk": "Compressor backbone trip",
      "severity": 4.351219832064789,
      "twin_info": {
        "base_likelihood": 0.45,
        "base_severity": 4.0,
        "mode": "pessimistic",
        "scale_applied": 1.4813975133932435,
        "shift_applied": 0.35121983206478946
      }
    }
  ],
  "scenario_name": "Titan K-of-N Test Scenario - TwinRun_16 (pessimistic)"
}