{
  "scenario_name": "Builder Under Constraint",
  "description": "A high-output analytical subsystem producing exceptional throughput is operating with inadequate computational capacity and insufficient external certification resources. The system is at risk of managed stagnation if support layers do not stabilize.",
  "risks": [
    {
      "id": "R_HW_LIMIT",
      "domain": "Computational",
      "risk": "Insufficient workstation capability",
      "failure_class": "SPF",
      "likelihood": 0.65,
      "severity": 0.90
    },
    {
      "id": "R_CERT_GAP",
      "domain": "Training",
      "risk": "Lack of required professional certifications",
      "failure_class": "LF",
      "likelihood": 0.70,
      "severity": 0.85
    },
    {
      "id": "R_SOC_COMM",
      "domain": "Communication",
      "risk": "Critical system information not reaching key stakeholder",
      "failure_class": "CCF",
      "likelihood": 0.60,
      "severity": 0.80
    },
    {
      "id": "R_ENG_OUTPUT",
      "domain": "Performance",
      "risk": "High-output subsystem exceeding assumptions of observers",
      "failure_class": "HF",
      "likelihood": 0.30,
      "severity": 0.95
    },
    {
      "id": "R_SUPPORT_FAIL",
      "domain": "Support",
      "risk": "External support infrastructure not activating",
      "failure_class": "CCF",
      "likelihood": 0.75,
      "severity": 0.90
    }
  ]
}
